[
  {
    "kode": "I0-91111 510-0",
    "nama": "NUT ADJ SCREW, LK, PT",
    "merek": "ISUZU",
    "berlaku": "01.02.2024",
    "harga": 20000
  },
  {
    "kode": "I1-13240 079-A",
    "nama": "FUEL FILTER,FVM",
    "merek": "ISUZU",
    "berlaku": "01.02.2024",
    "harga": 67000
  },
  {
    "kode": "I1-19115 015-0",
    "nama": "GASKET; AIR CMPR FRR90",
    "merek": "ISUZU",
    "berlaku": "01.02.2024",
    "harga": 150000
  },
  {
    "kode": "I1-31800 516-2",
    "nama": "BOOSTER ASM; CLU FVZ34",
    "merek": "ISUZU",
    "berlaku": "01.02.2024",
    "harga": 6700000
  },
  {
    "kode": "I1-33619 427-0",
    "nama": "SEAT BALL CHANGE, FVZ34",
    "merek": "ISUZU",
    "berlaku": "01.02.2024",
    "harga": 54000
  },
  {
    "kode": "I1-33619 429-0",
    "nama": "SEAT CHANGE LEVER, FVZ34",
    "merek": "ISUZU",
    "berlaku": "01.02.2024",
    "harga": 91000
  },
  {
    "kode": "I1-41552 020-0",
    "nama": "WASHER PINION,LT",
    "merek": "ISUZU",
    "berlaku": "01.02.2024",
    "harga": 67000
  },
  {
    "kode": "I1-46220 022-1",
    "nama": "SHOE; PARKING BRK FVZ34",
    "merek": "ISUZU",
    "berlaku": "01.02.2024",
    "harga": 780000
  },
  {
    "kode": "I1-51630 512-A",
    "nama": "SHOCK ABS FRT,FVZ",
    "merek": "ISUZU",
    "berlaku": "01.02.2024",
    "harga": 820000
  },
  {
    "kode": "I1-71798 422-A",
    "nama": "MIRROR UNDER,F# GIGA",
    "merek": "ISUZU",
    "berlaku": "01.02.2024",
    "harga": 150000
  },
  {
    "kode": "I2-13240 023-0",
    "nama": "FUEL FILTER,TBR54",
    "merek": "ISUZU",
    "berlaku": "01.02.2024",
    "harga": 68000
  },
  {
    "kode": "I2-87870 028-0",
    "nama": "BRAKE LINING NKR66",
    "merek": "ISUZU",
    "berlaku": "01.02.2024",
    "harga": 270000
  },
  {
    "kode": "I2-94240 372-0",
    "nama": "FAN BELT COOLING",
    "merek": "ISUZU",
    "berlaku": "01.02.2024",
    "harga": 58000
  },
  {
    "kode": "I2-97014 252-1",
    "nama": "FAN BELT COOLING,NKR66",
    "merek": "ISUZU",
    "berlaku": "01.02.2024",
    "harga": 59000
  },
  {
    "kode": "I2-97035 084-0",
    "nama": "BRAKE SHOE,NHR55",
    "merek": "ISUZU",
    "berlaku": "01.02.2024",
    "harga": 550000
  },
  {
    "kode": "I2-97247 514-0",
    "nama": "OIL FILTER,NKR66",
    "merek": "ISUZU",
    "berlaku": "01.02.2024",
    "harga": 300000
  },
  {
    "kode": "I3-30664 700-A",
    "nama": "BODY FUEL,N#",
    "merek": "ISUZU",
    "berlaku": "01.02.2024",
    "harga": 180000
  },
  {
    "kode": "I4-SPART 344-A",
    "nama": "PAKET STRAINER GIGA",
    "merek": "ISUZU",
    "berlaku": "01.02.2024",
    "harga": 2000000
  },
  {
    "kode": "I5-13671 111-A",
    "nama": "FAN BELT P/STEER,PT",
    "merek": "ISUZU",
    "berlaku": "01.02.2024",
    "harga": 47000
  },
  {
    "kode": "I5-60000 075-A",
    "nama": "SUPER SEALER RED 75 GR",
    "merek": "ISUZU",
    "berlaku": "01.02.2024",
    "harga": 37000
  },
  {
    "kode": "I5-60000 250-A",
    "nama": "DIESEL INJECTOR CLEANER 250 ML",
    "merek": "ISUZU",
    "berlaku": "01.02.2024",
    "harga": 120000
  },
  {
    "kode": "I5-87310 757-A",
    "nama": "RING SET PISTON, NHR55",
    "merek": "ISUZU",
    "berlaku": "01.02.2024",
    "harga": 92000
  },
  {
    "kode": "I5-87311 082-0",
    "nama": "RING SET PISTON,TBR541",
    "merek": "ISUZU",
    "berlaku": "01.02.2024",
    "harga": 300000
  },
  {
    "kode": "I6-00007 078-0",
    "nama": "BUSHING RR SPR FR NKR66",
    "merek": "ISUZU",
    "berlaku": "01.02.2024",
    "harga": 85000
  },
  {
    "kode": "I6-00007 095-0",
    "nama": "BUSHING RR SPR RR NKR66",
    "merek": "ISUZU",
    "berlaku": "01.02.2024",
    "harga": 52000
  },
  {
    "kode": "I6-00007 155-0",
    "nama": "BUSHING SPRING FR NKR66",
    "merek": "ISUZU",
    "berlaku": "01.02.2024",
    "harga": 65000
  },
  {
    "kode": "I6-00007 156-0",
    "nama": "BUSHING SHACKLE FR SPR,NKR71",
    "merek": "ISUZU",
    "berlaku": "01.02.2024",
    "harga": 46000
  },
  {
    "kode": "I6-09625 092-0",
    "nama": "SEAL OIL RR HUB INNER,NHR55",
    "merek": "ISUZU",
    "berlaku": "01.02.2024",
    "harga": 22000
  },
  {
    "kode": "I6-09625 484-0",
    "nama": "SEAL OIL FINAL PINION,FRR90",
    "merek": "ISUZU",
    "berlaku": "01.02.2024",
    "harga": 45000
  },
  {
    "kode": "I6-13240 023-0",
    "nama": "FUEL FILTER,TBR54",
    "merek": "ISUZU",
    "berlaku": "01.02.2024",
    "harga": 37000
  },
  {
    "kode": "I6-31220 377-0",
    "nama": "COVER CLUTH,FVM/FVR",
    "merek": "ISUZU",
    "berlaku": "01.02.2024",
    "harga": 3700000
  },
  {
    "kode": "I6-31220 416-0",
    "nama": "COVER CLUTCH,FVZ",
    "merek": "ISUZU",
    "berlaku": "01.02.2024",
    "harga": 3800000
  },
  {
    "kode": "I6-31240 851-0",
    "nama": "DISC CLUTCH,FVM/FVR34",
    "merek": "ISUZU",
    "berlaku": "01.02.2024",
    "harga": 2700000
  },
  {
    "kode": "I6-31240 972-0",
    "nama": "DISC CLUTH,FVZ",
    "merek": "ISUZU",
    "berlaku": "01.02.2024",
    "harga": 2700000
  },
  {
    "kode": "I6-31310 026-0",
    "nama": "BEARING; CLUTCH RELEASE FVR34",
    "merek": "ISUZU",
    "berlaku": "01.02.2024",
    "harga": 570000
  },
  {
    "kode": "I6-41210 531-0",
    "nama": "GEAR SET; FINAL DRIVE,RR 43/7 NMR71",
    "merek": "ISUZU",
    "berlaku": "01.02.2024",
    "harga": 4500000
  },
  {
    "kode": "I6-45910 220-0",
    "nama": "MIRROR S/A; OUTSIDE RH/LH N#",
    "merek": "ISUZU",
    "berlaku": "01.02.2024",
    "harga": 85000
  },
  {
    "kode": "I6-65003 001-0",
    "nama": "SPRING NO.1 FRT,NKR71",
    "merek": "ISUZU",
    "berlaku": "01.02.2024",
    "harga": 490000
  },
  {
    "kode": "I6-65003 002-0",
    "nama": "SPRING NO.2 FRT,NKR71",
    "merek": "ISUZU",
    "berlaku": "01.02.2024",
    "harga": 310000
  },
  {
    "kode": "I6-65003 003-0",
    "nama": "SPRING NO.3&4 FRT,NKR71",
    "merek": "ISUZU",
    "berlaku": "01.02.2024",
    "harga": 300000
  },
  {
    "kode": "I6-66000 211-0",
    "nama": "PIN FRONT SPRING,NKR71",
    "merek": "ISUZU",
    "berlaku": "01.02.2024",
    "harga": 45000
  },
  {
    "kode": "I6-66000 231-0",
    "nama": "SPRING NO.1 RR,HARIMAU",
    "merek": "ISUZU",
    "berlaku": "01.02.2024",
    "harga": 620000
  },
  {
    "kode": "I6-66000 232-0",
    "nama": "SPRING NO.2 RR,HARIMAU",
    "merek": "ISUZU",
    "berlaku": "01.02.2024",
    "harga": 420000
  },
  {
    "kode": "I6-66000 233-0",
    "nama": "SPRING NO.3 RR,HARIMAU",
    "merek": "ISUZU",
    "berlaku": "01.02.2024",
    "harga": 420000
  },
  {
    "kode": "I6-66000 234-0",
    "nama": "SPRING NO.4 RR,HARIMAU",
    "merek": "ISUZU",
    "berlaku": "01.02.2024",
    "harga": 370000
  },
  {
    "kode": "I6-66000 241-0",
    "nama": "SPRING NO.1 RR HELPER,HARIMAU",
    "merek": "ISUZU",
    "berlaku": "01.02.2024",
    "harga": 280000
  },
  {
    "kode": "I6-66000 242-0",
    "nama": "SPRING NO.2 RR HELPER,HARIMAU",
    "merek": "ISUZU",
    "berlaku": "01.02.2024",
    "harga": 270000
  },
  {
    "kode": "I6-66000 243-0",
    "nama": "SPRING NO.3 RR HELPER,HARIMAU",
    "merek": "ISUZU",
    "berlaku": "01.02.2024",
    "harga": 220000
  },
  {
    "kode": "I6-66000 244-0",
    "nama": "SPRING NO.4 RR HELPER,HARIMAU",
    "merek": "ISUZU",
    "berlaku": "01.02.2024",
    "harga": 200000
  },
  {
    "kode": "I6-66000 245-0",
    "nama": "SPRING NO.5 RR HELPER,HARIMAU",
    "merek": "ISUZU",
    "berlaku": "01.02.2024",
    "harga": 160000
  },
  {
    "kode": "I6-66230 211-0",
    "nama": "PIN REAR SPRING FRT,HARIMAU",
    "merek": "ISUZU",
    "berlaku": "01.02.2024",
    "harga": 49000
  },
  {
    "kode": "I6-66230 212-0",
    "nama": "PIN REAR SPRING RR,HARIMAU",
    "merek": "ISUZU",
    "berlaku": "01.02.2024",
    "harga": 43000
  },
  {
    "kode": "I6-82194 063-1",
    "nama": "BULB HALOGEN 75/70W,24V,F SERIES",
    "merek": "ISUZU",
    "berlaku": "01.02.2024",
    "harga": 50000
  },
  {
    "kode": "I6-87831 692-0",
    "nama": "BRAKE LINING,NQR",
    "merek": "ISUZU",
    "berlaku": "01.02.2024",
    "harga": 350000
  },
  {
    "kode": "I6-87832 220-0",
    "nama": "KING PIN KIT NKR71",
    "merek": "ISUZU",
    "berlaku": "01.02.2024",
    "harga": 520000
  },
  {
    "kode": "I6-87832 255-0",
    "nama": "BRAKE SHOE TRAGA",
    "merek": "ISUZU",
    "berlaku": "01.02.2024",
    "harga": 550000
  },
  {
    "kode": "I6-87832 314-0",
    "nama": "KING PIN KIT NHR55",
    "merek": "ISUZU",
    "berlaku": "01.02.2024",
    "harga": 410000
  },
  {
    "kode": "I6-87870 028-1",
    "nama": "BRAKE LINING,NKR71",
    "merek": "ISUZU",
    "berlaku": "01.02.2024",
    "harga": 210000
  },
  {
    "kode": "I6-88310 317-0",
    "nama": "BRAKE LINING RR,FVZ VD00",
    "merek": "ISUZU",
    "berlaku": "01.02.2024",
    "harga": 910000
  },
  {
    "kode": "I6-88310 385-0",
    "nama": "BRAKE LINING RR,FVZ",
    "merek": "ISUZU",
    "berlaku": "01.02.2024",
    "harga": 920000
  },
  {
    "kode": "I6-88310 495-0",
    "nama": "BRAKE LINING FR,FVZ",
    "merek": "ISUZU",
    "berlaku": "01.02.2024",
    "harga": 510000
  },
  {
    "kode": "I6-94111 903-1",
    "nama": "ENGINE MOUNTING RR,N#",
    "merek": "ISUZU",
    "berlaku": "01.02.2024",
    "harga": 46000
  },
  {
    "kode": "I6-94156 052-0",
    "nama": "AIR CLEANER,NHR55",
    "merek": "ISUZU",
    "berlaku": "01.02.2024",
    "harga": 160000
  },
  {
    "kode": "I6-94248 117-0",
    "nama": "SEAL OIL FRT HUB,NKR71",
    "merek": "ISUZU",
    "berlaku": "01.02.2024",
    "harga": 25000
  },
  {
    "kode": "I6-94250 720-0",
    "nama": "AIR CLEANER,TBR52",
    "merek": "ISUZU",
    "berlaku": "01.02.2024",
    "harga": 73000
  },
  {
    "kode": "I6-94259 132-0",
    "nama": "COVER CLUTCH,NHR55",
    "merek": "ISUZU",
    "berlaku": "01.02.2024",
    "harga": 650000
  },
  {
    "kode": "I6-94332 328-0",
    "nama": "GASKET CYL HEAD,TBR541",
    "merek": "ISUZU",
    "berlaku": "01.02.2024",
    "harga": 230000
  },
  {
    "kode": "I6-94336 316-1",
    "nama": "SEAL OIL RR HUB INNER,NKR71",
    "merek": "ISUZU",
    "berlaku": "01.02.2024",
    "harga": 59000
  },
  {
    "kode": "I6-94336 317-2",
    "nama": "SEAL OIL RR HUB OTR,NKR71",
    "merek": "ISUZU",
    "berlaku": "01.02.2024",
    "harga": 46000
  },
  {
    "kode": "I6-94339 073-3",
    "nama": "HOSE VAC PUMP,LT",
    "merek": "ISUZU",
    "berlaku": "01.02.2024",
    "harga": 27000
  },
  {
    "kode": "I6-94367 958-0",
    "nama": "SEAL OIL RR HUB INNER,NKR71",
    "merek": "ISUZU",
    "berlaku": "01.02.2024",
    "harga": 45000
  },
  {
    "kode": "I6-94430 983-1",
    "nama": "OIL FILTER,TBR54",
    "merek": "ISUZU",
    "berlaku": "01.02.2024",
    "harga": 49000
  },
  {
    "kode": "I6-97013 548-0",
    "nama": "DISC CLUTCH,NHR55",
    "merek": "ISUZU",
    "berlaku": "01.02.2024",
    "harga": 510000
  },
  {
    "kode": "I6-97023 690-1",
    "nama": "REP KIT STEERING TBR",
    "merek": "ISUZU",
    "berlaku": "01.02.2024",
    "harga": 350000
  },
  {
    "kode": "I6-97035 084-0",
    "nama": "BRAKE SHOE,NHR55",
    "merek": "ISUZU",
    "berlaku": "01.02.2024",
    "harga": 330000
  },
  {
    "kode": "I6-97047 092-1",
    "nama": "GEAR SET FINAL.41/6 NKR66",
    "merek": "ISUZU",
    "berlaku": "01.02.2024",
    "harga": 2800000
  },
  {
    "kode": "I6-97048 729-0",
    "nama": "GUARD MUD REAR LH,N#",
    "merek": "ISUZU",
    "berlaku": "01.02.2024",
    "harga": 220000
  },
  {
    "kode": "I6-97049 145-0",
    "nama": "SEAL OIL CR/SHF FRT,PT",
    "merek": "ISUZU",
    "berlaku": "01.02.2024",
    "harga": 39000
  },
  {
    "kode": "I6-97062 294-0",
    "nama": "AIR CLEANER,NPS",
    "merek": "ISUZU",
    "berlaku": "01.02.2024",
    "harga": 390000
  },
  {
    "kode": "I6-97071 561-0",
    "nama": "SEAL OIL CR/SHF RR,PT",
    "merek": "ISUZU",
    "berlaku": "01.02.2024",
    "harga": 130000
  },
  {
    "kode": "I6-97076 639-2",
    "nama": "DISC CLUTCH,NKR66",
    "merek": "ISUZU",
    "berlaku": "01.02.2024",
    "harga": 950000
  },
  {
    "kode": "I6-97079 518-0",
    "nama": "GEAR PINION DIFF, TRAGA",
    "merek": "ISUZU",
    "berlaku": "01.02.2024",
    "harga": 140000
  },
  {
    "kode": "I6-97079 519-0",
    "nama": "GEAR SIDE DIFF, TRAGA",
    "merek": "ISUZU",
    "berlaku": "01.02.2024",
    "harga": 240000
  },
  {
    "kode": "I6-97080 620-1",
    "nama": "ENGINE MOUNTING NHR55,RH",
    "merek": "ISUZU",
    "berlaku": "01.02.2024",
    "harga": 120000
  },
  {
    "kode": "I6-97080 621-1",
    "nama": "ENGINE MOUNTING NHR55,LH",
    "merek": "ISUZU",
    "berlaku": "01.02.2024",
    "harga": 120000
  },
  {
    "kode": "I6-97081 814-4",
    "nama": "SEDIMENTER ASM N#",
    "merek": "ISUZU",
    "berlaku": "01.02.2024",
    "harga": 380000
  },
  {
    "kode": "I6-97093 568-0",
    "nama": "WIPER BLADE N#",
    "merek": "ISUZU",
    "berlaku": "01.02.2024",
    "harga": 85000
  },
  {
    "kode": "I6-97122 937-0",
    "nama": "SEAL OIL RR HUB INNER,NQR",
    "merek": "ISUZU",
    "berlaku": "01.02.2024",
    "harga": 33000
  },
  {
    "kode": "I6-97124 740-0",
    "nama": "HOSE RADIATOR OUT,NKR71",
    "merek": "ISUZU",
    "berlaku": "01.02.2024",
    "harga": 63000
  },
  {
    "kode": "I6-97131 905-0",
    "nama": "PAN ASM OIL,PT",
    "merek": "ISUZU",
    "berlaku": "01.02.2024",
    "harga": 170000
  },
  {
    "kode": "I6-97146 826-0",
    "nama": "SEAL OIL FINAL PINION,PT",
    "merek": "ISUZU",
    "berlaku": "01.02.2024",
    "harga": 50000
  },
  {
    "kode": "I6-97172 549-0",
    "nama": "FUEL FILTER,NKR71 EURO-2",
    "merek": "ISUZU",
    "berlaku": "01.02.2024",
    "harga": 39000
  },
  {
    "kode": "I6-97176 687-0",
    "nama": "LINER CYL BLOCK,NHR55",
    "merek": "ISUZU",
    "berlaku": "01.02.2024",
    "harga": 620000
  },
  {
    "kode": "I6-97176 693-1",
    "nama": "LINER CYL BLOCK,TBR541",
    "merek": "ISUZU",
    "berlaku": "01.02.2024",
    "harga": 700000
  },
  {
    "kode": "I6-97189 002-0",
    "nama": "SPRING; LEAF,NO 2,FRT FVM VD00",
    "merek": "ISUZU",
    "berlaku": "01.02.2024",
    "harga": 550000
  },
  {
    "kode": "I6-97189 003-0",
    "nama": "SPRING; LEAF,NO 3,FRT FVM VD00",
    "merek": "ISUZU",
    "berlaku": "01.02.2024",
    "harga": 430000
  },
  {
    "kode": "I6-97209 168-0",
    "nama": "GEAR SET FINAL39/6 NKR71E2",
    "merek": "ISUZU",
    "berlaku": "01.02.2024",
    "harga": 2800000
  },
  {
    "kode": "I6-97216 792-0",
    "nama": "SEAL OIL RR HUB OTR,D-MAX",
    "merek": "ISUZU",
    "berlaku": "01.02.2024",
    "harga": 23000
  },
  {
    "kode": "I6-97222 509-0",
    "nama": "ROD END TIE ROD RH NKR71",
    "merek": "ISUZU",
    "berlaku": "01.02.2024",
    "harga": 120000
  },
  {
    "kode": "I6-97222 510-0",
    "nama": "ROD END TIE ROD LH NKR71",
    "merek": "ISUZU",
    "berlaku": "01.02.2024",
    "harga": 120000
  },
  {
    "kode": "I6-97239 868-0",
    "nama": "RETAINER REAR AXLE,D-MAX",
    "merek": "ISUZU",
    "berlaku": "01.02.2024",
    "harga": 70000
  },
  {
    "kode": "I6-97247 514-0",
    "nama": "OIL FILTER,NKR66",
    "merek": "ISUZU",
    "berlaku": "01.02.2024",
    "harga": 99000
  },
  {
    "kode": "I6-97309 927-0",
    "nama": "OIL FILTER,P165 EURO2",
    "merek": "ISUZU",
    "berlaku": "01.02.2024",
    "harga": 39000
  },
  {
    "kode": "I6-97320 355-0",
    "nama": "DISC CLUTCH,NKR71",
    "merek": "ISUZU",
    "berlaku": "01.02.2024",
    "harga": 940000
  },
  {
    "kode": "I6-97323 297-0",
    "nama": "SEAL OIL REAR AXLE,D-MAX",
    "merek": "ISUZU",
    "berlaku": "01.02.2024",
    "harga": 12000
  },
  {
    "kode": "I6-97333 487-0",
    "nama": "BEARING; CLU RELEASE TRAGA",
    "merek": "ISUZU",
    "berlaku": "01.02.2024",
    "harga": 240000
  },
  {
    "kode": "I6-97377 899-0",
    "nama": "DISC CLUTCH,NKR55",
    "merek": "ISUZU",
    "berlaku": "01.02.2024",
    "harga": 720000
  },
  {
    "kode": "I6-97429 372-0",
    "nama": "GRILLE; RAD NMR",
    "merek": "ISUZU",
    "berlaku": "01.02.2024",
    "harga": 460000
  },
  {
    "kode": "I6-97695 448-0",
    "nama": "DISC CLUTCH,TRAGA",
    "merek": "ISUZU",
    "berlaku": "01.02.2024",
    "harga": 450000
  },
  {
    "kode": "I6-97695 915-0",
    "nama": "SPRING NO.1 FRT,NMR71 HD",
    "merek": "ISUZU",
    "berlaku": "01.02.2024",
    "harga": 550000
  },
  {
    "kode": "I6-97695 935-0",
    "nama": "SPRING NO.1 RR HELPER,NMR71 HD",
    "merek": "ISUZU",
    "berlaku": "01.02.2024",
    "harga": 300000
  },
  {
    "kode": "I6-97696 402-0",
    "nama": "SPRING; LEAF,NO 2,RR TRAGA",
    "merek": "ISUZU",
    "berlaku": "01.02.2024",
    "harga": 300000
  },
  {
    "kode": "I6-97696 403-0",
    "nama": "SPRING; LEAF,NO 1,RR SUB TRAGA",
    "merek": "ISUZU",
    "berlaku": "01.02.2024",
    "harga": 320000
  },
  {
    "kode": "I6-97997 854-0",
    "nama": "PLATE STEP LH,N SERIES",
    "merek": "ISUZU",
    "berlaku": "01.02.2024",
    "harga": 280000
  },
  {
    "kode": "I6-98005 827-0",
    "nama": "JOINT ASM; BALL,UPR CONT ARM TRAGA TRAGA",
    "merek": "ISUZU",
    "berlaku": "01.02.2024",
    "harga": 270000
  },
  {
    "kode": "I6-98005 874-0",
    "nama": "JOINT ASM; BALL,LWR CONT ARM, TRAGA TRAG",
    "merek": "ISUZU",
    "berlaku": "01.02.2024",
    "harga": 320000
  },
  {
    "kode": "I6-98013 022-3",
    "nama": "ENGINE MOUNTING RR,FVZ",
    "merek": "ISUZU",
    "berlaku": "01.02.2024",
    "harga": 910000
  },
  {
    "kode": "I6-98013 590-0",
    "nama": "GEAR SET; FINAL DRIVE,RR TRAGA TRAGA",
    "merek": "ISUZU",
    "berlaku": "01.02.2024",
    "harga": 1900000
  },
  {
    "kode": "I6-98014 048-0",
    "nama": "LINER CYL BLOCK,NKR71E2",
    "merek": "ISUZU",
    "berlaku": "01.02.2024",
    "harga": 850000
  },
  {
    "kode": "I6-98020 880-1",
    "nama": "BEARING ASM CENT,NKR71",
    "merek": "ISUZU",
    "berlaku": "01.02.2024",
    "harga": 330000
  },
  {
    "kode": "I6-98041 292-0",
    "nama": "CYLINDER SLAVE CLUTCH N*R55E2",
    "merek": "ISUZU",
    "berlaku": "01.02.2024",
    "harga": 270000
  },
  {
    "kode": "I6-98055 746-0",
    "nama": "ROD END ASM OUTER,D-MAX",
    "merek": "ISUZU",
    "berlaku": "01.02.2024",
    "harga": 180000
  },
  {
    "kode": "I6-98151 846-0",
    "nama": "SHAFT AXLE RR NMR71 STD NKR71 HD",
    "merek": "ISUZU",
    "berlaku": "01.02.2024",
    "harga": 1500000
  },
  {
    "kode": "I6-98159 693-0",
    "nama": "FUEL FILTER,D-MAX",
    "merek": "ISUZU",
    "berlaku": "01.02.2024",
    "harga": 76000
  },
  {
    "kode": "I6-98272 086-0",
    "nama": "END; TUBE NMR71",
    "merek": "ISUZU",
    "berlaku": "01.02.2024",
    "harga": 1400000
  },
  {
    "kode": "I6-98272 242-0",
    "nama": "SHAFT AXLE RR NMR71 HD",
    "merek": "ISUZU",
    "berlaku": "01.02.2024",
    "harga": 1800000
  },
  {
    "kode": "I6-98283 244-1",
    "nama": "PAD KIT; CALIPER, DISC BRK,FRT TRAGA",
    "merek": "ISUZU",
    "berlaku": "01.02.2024",
    "harga": 370000
  },
  {
    "kode": "I6-98285 153-0",
    "nama": "END; TUBE NKR71",
    "merek": "ISUZU",
    "berlaku": "01.02.2024",
    "harga": 910000
  },
  {
    "kode": "I6-98319 912-0",
    "nama": "FUEL FILTER,NKR71",
    "merek": "ISUZU",
    "berlaku": "01.02.2024",
    "harga": 79000
  },
  {
    "kode": "I6-98372 221-0",
    "nama": "FUEL FILTER,NHR55",
    "merek": "ISUZU",
    "berlaku": "01.02.2024",
    "harga": 73000
  },
  {
    "kode": "I7-11117 058-A",
    "nama": "CABLE; PARKING BRK,,NHR55",
    "merek": "ISUZU",
    "berlaku": "01.02.2024",
    "harga": 82000
  },
  {
    "kode": "I7-17700 210-A",
    "nama": "GLASS ; BACKLIGHT NHR 55 E2",
    "merek": "ISUZU",
    "berlaku": "01.02.2024",
    "harga": 190000
  },
  {
    "kode": "I7-22001 216-A",
    "nama": "RUBBER MTG,CAB UPR,NKR71",
    "merek": "ISUZU",
    "berlaku": "01.02.2024",
    "harga": 81000
  },
  {
    "kode": "I7-22227 014-A",
    "nama": "FUEL TANK NKR71",
    "merek": "ISUZU",
    "berlaku": "01.02.2024",
    "harga": 1400000
  },
  {
    "kode": "I7-26300 210-A",
    "nama": "GLASS FR DOOR GREEN RH,N#",
    "merek": "ISUZU",
    "berlaku": "01.02.2024",
    "harga": 480000
  },
  {
    "kode": "I7-26301 210-A",
    "nama": "GLASS FR DOOR GREEN LH,N#",
    "merek": "ISUZU",
    "berlaku": "01.02.2024",
    "harga": 480000
  },
  {
    "kode": "I7-26700 200-A",
    "nama": "REG WINDOW FR RH,NKR71",
    "merek": "ISUZU",
    "berlaku": "01.02.2024",
    "harga": 350000
  },
  {
    "kode": "I7-26701 200-A",
    "nama": "REG WINDOW FR LH,NKR71",
    "merek": "ISUZU",
    "berlaku": "01.02.2024",
    "harga": 350000
  },
  {
    "kode": "I7-41010 210-A",
    "nama": "HEADLAMP ASM RH NKR71-T/HD NEW FLIFT",
    "merek": "ISUZU",
    "berlaku": "01.02.2024",
    "harga": 1600000
  },
  {
    "kode": "I7-41010 211-A",
    "nama": "HEADLAMP ASM LH NKR71-T/HD NEW FLIFT",
    "merek": "ISUZU",
    "berlaku": "01.02.2024",
    "harga": 1600000
  },
  {
    "kode": "I7-41020 210-A",
    "nama": "HEADLAMP ASM RH NHR/NKR55 NEW FLIFT",
    "merek": "ISUZU",
    "berlaku": "01.02.2024",
    "harga": 1400000
  },
  {
    "kode": "I7-41100 210-A",
    "nama": "LAMP ASM;COMB RH NKR71-T/HD NEW FLIFT",
    "merek": "ISUZU",
    "berlaku": "01.02.2024",
    "harga": 470000
  },
  {
    "kode": "I7-41100 211-A",
    "nama": "LAMP ASM;COMB LH NKR71-T/HD NEW FLIFT",
    "merek": "ISUZU",
    "berlaku": "01.02.2024",
    "harga": 470000
  },
  {
    "kode": "I7-42400 214-A",
    "nama": "BATTERY NS70 12V / 65Ah",
    "merek": "ISUZU",
    "berlaku": "01.02.2024",
    "harga": 1200000
  },
  {
    "kode": "I7-42500 212-A",
    "nama": "CABLE BATTERY TO STARTER,NHR55",
    "merek": "ISUZU",
    "berlaku": "01.02.2024",
    "harga": 140000
  },
  {
    "kode": "I7-42500 213-A",
    "nama": "CABLE BATTERY TO STARTER,NKR71T",
    "merek": "ISUZU",
    "berlaku": "01.02.2024",
    "harga": 190000
  },
  {
    "kode": "I7-42501 235-A",
    "nama": "CABLE ; BATTERY ( - ),NHR55",
    "merek": "ISUZU",
    "berlaku": "01.02.2024",
    "harga": 100000
  },
  {
    "kode": "I7-42501 236-A",
    "nama": "CABLE ; BATTERY ( - ),NKR71",
    "merek": "ISUZU",
    "berlaku": "01.02.2024",
    "harga": 83000
  },
  {
    "kode": "I7-42502 223-A",
    "nama": "CABLE ; BATTERY ( +),NKR71",
    "merek": "ISUZU",
    "berlaku": "01.02.2024",
    "harga": 69000
  },
  {
    "kode": "I7-43600 200-A",
    "nama": "HORN LOW NOTE NHR/NKR 24V",
    "merek": "ISUZU",
    "berlaku": "01.02.2024",
    "harga": 140000
  },
  {
    "kode": "I7-43700 235-A",
    "nama": "UNIT ; FLASHIER NKR55E2",
    "merek": "ISUZU",
    "berlaku": "01.02.2024",
    "harga": 72000
  },
  {
    "kode": "I7-45001 229-A",
    "nama": "EMBLEM; ISUZU NKR71 E2",
    "merek": "ISUZU",
    "berlaku": "01.02.2024",
    "harga": 180000
  },
  {
    "kode": "I7-45115 205-A",
    "nama": "STICKER; NMR NMR81",
    "merek": "ISUZU",
    "berlaku": "01.02.2024",
    "harga": 7000
  },
  {
    "kode": "I7-45115 209-A",
    "nama": "STICKER; ISUZU 6 SPEED E4",
    "merek": "ISUZU",
    "berlaku": "01.02.2024",
    "harga": 10000
  },
  {
    "kode": "I7-45117 228-A",
    "nama": "STICKER ELF HD POWER STEERING HARIMAU",
    "merek": "ISUZU",
    "berlaku": "01.02.2024",
    "harga": 29000
  },
  {
    "kode": "I7-45117 230-A",
    "nama": "STICKER; ISUZU \"6 SPEED\" NLR; NMR",
    "merek": "ISUZU",
    "berlaku": "01.02.2024",
    "harga": 18000
  },
  {
    "kode": "I7-45910 220-A",
    "nama": "MIRROR S/A; OUTSIDE RH/LH N# GOLD",
    "merek": "ISUZU",
    "berlaku": "01.02.2024",
    "harga": 120000
  },
  {
    "kode": "I7-45910 221-A",
    "nama": "STAY S/A; O/S MIRROR RH N# GOLD",
    "merek": "ISUZU",
    "berlaku": "01.02.2024",
    "harga": 290000
  },
  {
    "kode": "I7-45911 222-A",
    "nama": "STAY S/A; O/S MIRROR LH LONG N# GOL",
    "merek": "ISUZU",
    "berlaku": "01.02.2024",
    "harga": 320000
  },
  {
    "kode": "I7-46100 210-B",
    "nama": "GLASS ; WINDSHIELD NHR 55 E2",
    "merek": "ISUZU",
    "berlaku": "01.02.2024",
    "harga": 1200000
  },
  {
    "kode": "I7-46100 343-A",
    "nama": "GLASS WINDSHIELD ASM FVZ,FVM,FVR,FTR",
    "merek": "ISUZU",
    "berlaku": "01.02.2024",
    "harga": 1900000
  },
  {
    "kode": "I7-55500 201-A",
    "nama": "AIR CLEANER N#",
    "merek": "ISUZU",
    "berlaku": "01.02.2024",
    "harga": 240000
  },
  {
    "kode": "I7-56200 200-A",
    "nama": "FUEL TANK,NHR/NKR55",
    "merek": "ISUZU",
    "berlaku": "01.02.2024",
    "harga": 1100000
  },
  {
    "kode": "I7-56200 311-B",
    "nama": "TANK ASM;FUEL,200L GIGA",
    "merek": "ISUZU",
    "berlaku": "01.02.2024",
    "harga": 2800000
  },
  {
    "kode": "I7-58100 200-A",
    "nama": "SILENCER ASM NKR71",
    "merek": "ISUZU",
    "berlaku": "01.02.2024",
    "harga": 600000
  },
  {
    "kode": "I7-59100 201-A",
    "nama": "CABLE ACCELERATOR,NKR71",
    "merek": "ISUZU",
    "berlaku": "01.02.2024",
    "harga": 140000
  },
  {
    "kode": "I7-63401 240-A",
    "nama": "CAP ; RADIATOR NHR/NKR55/71-E2",
    "merek": "ISUZU",
    "berlaku": "01.02.2024",
    "harga": 53000
  },
  {
    "kode": "I7-63510 219-A",
    "nama": "HOSE;WATER, RAD INLET NHR55E2",
    "merek": "ISUZU",
    "berlaku": "01.02.2024",
    "harga": 75000
  },
  {
    "kode": "I7-65210 225-A",
    "nama": "SHACKLE FRT SET NKR662",
    "merek": "ISUZU",
    "berlaku": "01.02.2024",
    "harga": 36000
  },
  {
    "kode": "I7-66000 211-A",
    "nama": "PIN FR SPRING NKR71",
    "merek": "ISUZU",
    "berlaku": "01.02.2024",
    "harga": 69000
  },
  {
    "kode": "I7-66202 213-A",
    "nama": "BRACKET SUB SPG,HARIMAU",
    "merek": "ISUZU",
    "berlaku": "01.02.2024",
    "harga": 330000
  },
  {
    "kode": "I7-66220 211-A",
    "nama": "BUSHING, SHACKLE RR NKR71 GAUGE UP",
    "merek": "ISUZU",
    "berlaku": "01.02.2024",
    "harga": 72000
  },
  {
    "kode": "I7-66802 212-A",
    "nama": "RUBBER;HELPER,RE HARIMAU",
    "merek": "ISUZU",
    "berlaku": "01.02.2024",
    "harga": 94000
  },
  {
    "kode": "I7-67000 200-A",
    "nama": "SHOCK ABS FRT,NHR55",
    "merek": "ISUZU",
    "berlaku": "01.02.2024",
    "harga": 280000
  },
  {
    "kode": "I7-67001 200-A",
    "nama": "SHOCK ABS FRT,NKR58/66/71",
    "merek": "ISUZU",
    "berlaku": "01.02.2024",
    "harga": 280000
  },
  {
    "kode": "I7-67200 200-A",
    "nama": "SHOCK ABS RR,NHR55",
    "merek": "ISUZU",
    "berlaku": "01.02.2024",
    "harga": 270000
  },
  {
    "kode": "I7-67201 200-A",
    "nama": "SHOCK ABS RR,NKR58/66/71",
    "merek": "ISUZU",
    "berlaku": "01.02.2024",
    "harga": 270000
  },
  {
    "kode": "I7-71800 201-A",
    "nama": "CABLE SHIFT CTR,NHR55",
    "merek": "ISUZU",
    "berlaku": "01.02.2024",
    "harga": 320000
  },
  {
    "kode": "I7-71800 203-A",
    "nama": "CABLE SELECT CTR,NHR55",
    "merek": "ISUZU",
    "berlaku": "01.02.2024",
    "harga": 310000
  },
  {
    "kode": "I7-85202 210-A",
    "nama": "CABLE ASM H/BRAKE,NKR71E2",
    "merek": "ISUZU",
    "berlaku": "01.02.2024",
    "harga": 360000
  },
  {
    "kode": "I7-89002 217-B",
    "nama": "DISC WHEEL ASM NKR71-T/THD",
    "merek": "ISUZU",
    "berlaku": "01.02.2024",
    "harga": 1700000
  },
  {
    "kode": "I7-89010 222-A",
    "nama": "WHEEL DISC 16X7 NKR/NHR55E2 BUS",
    "merek": "ISUZU",
    "berlaku": "01.02.2024",
    "harga": 1900000
  },
  {
    "kode": "I7-89910 211-A",
    "nama": "HANGER ASM;TIRE, HARIMAU",
    "merek": "ISUZU",
    "berlaku": "01.02.2024",
    "harga": 330000
  },
  {
    "kode": "I8-94101 707-0",
    "nama": "BOLT HEIGHT CTRL,PT",
    "merek": "ISUZU",
    "berlaku": "01.02.2024",
    "harga": 75000
  },
  {
    "kode": "I8-94125 862-1",
    "nama": "CLIP WATER HOSE,PT",
    "merek": "ISUZU",
    "berlaku": "01.02.2024",
    "harga": 16000
  },
  {
    "kode": "I8-94150 265-2",
    "nama": "RUBBER BUMPER FR,LT",
    "merek": "ISUZU",
    "berlaku": "01.02.2024",
    "harga": 87000
  },
  {
    "kode": "I8-94152 613-A",
    "nama": "PLUG DRAIN OIL PAN TBR541",
    "merek": "ISUZU",
    "berlaku": "01.02.2024",
    "harga": 27000
  },
  {
    "kode": "I8-94156 700-0",
    "nama": "COVER CHECK HOLE,PT",
    "merek": "ISUZU",
    "berlaku": "01.02.2024",
    "harga": 130000
  },
  {
    "kode": "I8-94173 412-0",
    "nama": "GASKET; INJ NOZZLE FVZ34",
    "merek": "ISUZU",
    "berlaku": "01.02.2024",
    "harga": 33000
  },
  {
    "kode": "I8-94174 464-1",
    "nama": "HOSE OIL COOLER NHR55",
    "merek": "ISUZU",
    "berlaku": "01.02.2024",
    "harga": 120000
  },
  {
    "kode": "I8-94178 081-1",
    "nama": "PACKING WAT PUMP",
    "merek": "ISUZU",
    "berlaku": "01.02.2024",
    "harga": 52000
  },
  {
    "kode": "I8-94221 519-0",
    "nama": "CLIP WATER HOSE,PT",
    "merek": "ISUZU",
    "berlaku": "01.02.2024",
    "harga": 22000
  },
  {
    "kode": "I8-94223 699-0",
    "nama": "BUSHING KNUCLE,PT",
    "merek": "ISUZU",
    "berlaku": "01.02.2024",
    "harga": 120000
  },
  {
    "kode": "I8-94228 748-A",
    "nama": "CAP RADIATOR, PT",
    "merek": "ISUZU",
    "berlaku": "01.02.2024",
    "harga": 39000
  },
  {
    "kode": "I8-94234 319-0",
    "nama": "BUSHING SHACKLE RR,PT",
    "merek": "ISUZU",
    "berlaku": "01.02.2024",
    "harga": 65000
  },
  {
    "kode": "I8-94242 683-A",
    "nama": "BEARING HUB INN FRT,TBR541",
    "merek": "ISUZU",
    "berlaku": "01.02.2024",
    "harga": 150000
  },
  {
    "kode": "I8-94259 132-1",
    "nama": "COVER CLUTCH,NHR55",
    "merek": "ISUZU",
    "berlaku": "01.02.2024",
    "harga": 840000
  },
  {
    "kode": "I8-94316 190-0",
    "nama": "TANK UNIT ASM FU,LT",
    "merek": "ISUZU",
    "berlaku": "01.02.2024",
    "harga": 880000
  },
  {
    "kode": "I8-94325 255-0",
    "nama": "HOSE RUBBER P160",
    "merek": "ISUZU",
    "berlaku": "01.02.2024",
    "harga": 51000
  },
  {
    "kode": "I8-94326 440-0",
    "nama": "SEAL OIL FRT HUB,TBR54",
    "merek": "ISUZU",
    "berlaku": "01.02.2024",
    "harga": 47000
  },
  {
    "kode": "I8-94326 441-0",
    "nama": "SEAL OIL FRT COVER T/M,PT",
    "merek": "ISUZU",
    "berlaku": "01.02.2024",
    "harga": 54000
  },
  {
    "kode": "I8-94328 354-A",
    "nama": "GASKET EXH BRAKE NKR71E2",
    "merek": "ISUZU",
    "berlaku": "01.02.2024",
    "harga": 18000
  },
  {
    "kode": "I8-94334 906-0",
    "nama": "AIR CLEANER,TBR541",
    "merek": "ISUZU",
    "berlaku": "01.02.2024",
    "harga": 120000
  },
  {
    "kode": "I8-94361 801-A",
    "nama": "BEARING HUB OTR FRT,TBR541",
    "merek": "ISUZU",
    "berlaku": "01.02.2024",
    "harga": 130000
  },
  {
    "kode": "I8-94376 262-0",
    "nama": "NUT LOCK DRIVING,PT",
    "merek": "ISUZU",
    "berlaku": "01.02.2024",
    "harga": 69000
  },
  {
    "kode": "I8-94382 246-A",
    "nama": "HOSE WATER PIPE,TBR541",
    "merek": "ISUZU",
    "berlaku": "01.02.2024",
    "harga": 18000
  },
  {
    "kode": "I8-94391 379-1",
    "nama": "GASKET;  TO COVER,E2 FVZ34",
    "merek": "ISUZU",
    "berlaku": "01.02.2024",
    "harga": 280000
  },
  {
    "kode": "I8-94396 015-2",
    "nama": "CAP VALVE STEM END NKR66",
    "merek": "ISUZU",
    "berlaku": "01.02.2024",
    "harga": 27000
  },
  {
    "kode": "I8-94396 375-4",
    "nama": "OIL FILTER,FVZ34",
    "merek": "ISUZU",
    "berlaku": "01.02.2024",
    "harga": 180000
  },
  {
    "kode": "I8-94396 810-0",
    "nama": "GASKET ELEMENT, FVZ34",
    "merek": "ISUZU",
    "berlaku": "01.02.2024",
    "harga": 54000
  },
  {
    "kode": "I8-94399 002-0",
    "nama": "PACKING COVER, FVZ34",
    "merek": "ISUZU",
    "berlaku": "01.02.2024",
    "harga": 46000
  },
  {
    "kode": "I8-94435 011-A",
    "nama": "COVER CLUTCH,TBR54/1",
    "merek": "ISUZU",
    "berlaku": "01.02.2024",
    "harga": 650000
  },
  {
    "kode": "I8-94443 644-1",
    "nama": "PIPE OIL VAC OIL,LT",
    "merek": "ISUZU",
    "berlaku": "01.02.2024",
    "harga": 390000
  },
  {
    "kode": "I8-94472 099-A",
    "nama": "BEARING F/PINION,PT",
    "merek": "ISUZU",
    "berlaku": "01.02.2024",
    "harga": 170000
  },
  {
    "kode": "I8-94472 118-0",
    "nama": "COLLAR DIST,PT",
    "merek": "ISUZU",
    "berlaku": "01.02.2024",
    "harga": 130000
  },
  {
    "kode": "I8-97020 250-2",
    "nama": "SHOE PARKING,NKR71",
    "merek": "ISUZU",
    "berlaku": "01.02.2024",
    "harga": 390000
  },
  {
    "kode": "I8-97022 087-A",
    "nama": "SPRING; RETURN, FRT BRK SHOE, NKR71",
    "merek": "ISUZU",
    "berlaku": "01.02.2024",
    "harga": 40000
  },
  {
    "kode": "I8-97029 945-1",
    "nama": "REPAIR KIT STR,PT",
    "merek": "ISUZU",
    "berlaku": "01.02.2024",
    "harga": 900000
  },
  {
    "kode": "I8-97034 798-A",
    "nama": "BRAKE DRUM FRONT,NHR55",
    "merek": "ISUZU",
    "berlaku": "01.02.2024",
    "harga": 750000
  },
  {
    "kode": "I8-97035 085-A",
    "nama": "BRAKE SHOE,NKR55E2",
    "merek": "ISUZU",
    "berlaku": "01.02.2024",
    "harga": 600000
  },
  {
    "kode": "I8-97037 464-0",
    "nama": "HOSE RUBBERBY P,LT",
    "merek": "ISUZU",
    "berlaku": "01.02.2024",
    "harga": 83000
  },
  {
    "kode": "I8-97043 551-B",
    "nama": "FAN BELT COOLING, PT",
    "merek": "ISUZU",
    "berlaku": "01.02.2024",
    "harga": 48000
  },
  {
    "kode": "I8-97046 362-A",
    "nama": "CABLE ACCELERATOR,NHR55",
    "merek": "ISUZU",
    "berlaku": "01.02.2024",
    "harga": 150000
  },
  {
    "kode": "I8-97049 147-0",
    "nama": "BALL DETENT CO,LT",
    "merek": "ISUZU",
    "berlaku": "01.02.2024",
    "harga": 93000
  },
  {
    "kode": "I8-97063 441-2",
    "nama": "RELAY CHARGE WAR P160",
    "merek": "ISUZU",
    "berlaku": "01.02.2024",
    "harga": 290000
  },
  {
    "kode": "I8-97081 219-A",
    "nama": "BRAKE DRUM FRT/RR,NKR71HD",
    "merek": "ISUZU",
    "berlaku": "01.02.2024",
    "harga": 1300000
  },
  {
    "kode": "I8-97081 322-A",
    "nama": "HUB FRT AXLE ,HARIMAU",
    "merek": "ISUZU",
    "berlaku": "01.02.2024",
    "harga": 800000
  },
  {
    "kode": "I8-97081 323-A",
    "nama": "HUB REAR AXLE,HARIMAU",
    "merek": "ISUZU",
    "berlaku": "01.02.2024",
    "harga": 800000
  },
  {
    "kode": "I8-97085 131-A",
    "nama": "BELT P/S PUMP NKR55E2",
    "merek": "ISUZU",
    "berlaku": "01.02.2024",
    "harga": 35000
  },
  {
    "kode": "I8-97086 442-A",
    "nama": "RUBBER;MTG,CAB UPR,NH55",
    "merek": "ISUZU",
    "berlaku": "01.02.2024",
    "harga": 140000
  },
  {
    "kode": "I8-97089 916-A",
    "nama": "HOSE RADIATOR OUT,NHR55E2",
    "merek": "ISUZU",
    "berlaku": "01.02.2024",
    "harga": 45000
  },
  {
    "kode": "I8-97119 887-0",
    "nama": "VALVE ASM VENT TBR541",
    "merek": "ISUZU",
    "berlaku": "01.02.2024",
    "harga": 570000
  },
  {
    "kode": "I8-97122 626-A",
    "nama": "HUB REAR AXLE,NKR71",
    "merek": "ISUZU",
    "berlaku": "01.02.2024",
    "harga": 780000
  },
  {
    "kode": "I8-97122 938-A",
    "nama": "BEARING HUB INN RR,NMR71",
    "merek": "ISUZU",
    "berlaku": "01.02.2024",
    "harga": 410000
  },
  {
    "kode": "I8-97131 905-0",
    "nama": "PAN ASM OIL,PT",
    "merek": "ISUZU",
    "berlaku": "01.02.2024",
    "harga": 250000
  },
  {
    "kode": "I8-97137 468-A",
    "nama": "BLADE WIPER RH/LH, N-SERIES",
    "merek": "ISUZU",
    "berlaku": "01.02.2024",
    "harga": 65000
  },
  {
    "kode": "I8-97162 143-A",
    "nama": "RADIATOR ASM NKR71 EURO2 (aluminium)",
    "merek": "ISUZU",
    "berlaku": "01.02.2024",
    "harga": 4500000
  },
  {
    "kode": "I8-97162 163-A",
    "nama": "HOSE RADIATOR IN,NKR71E2",
    "merek": "ISUZU",
    "berlaku": "01.02.2024",
    "harga": 42000
  },
  {
    "kode": "I8-97168 982-A",
    "nama": "ARM WIPER RH, N-SERIES",
    "merek": "ISUZU",
    "berlaku": "01.02.2024",
    "harga": 130000
  },
  {
    "kode": "I8-97168 984-A",
    "nama": "ARM WIPER LH, N-SERIES",
    "merek": "ISUZU",
    "berlaku": "01.02.2024",
    "harga": 130000
  },
  {
    "kode": "I8-97172 211-A",
    "nama": "STARTER ASM,NKR71",
    "merek": "ISUZU",
    "berlaku": "01.02.2024",
    "harga": 4200000
  },
  {
    "kode": "I8-97172 549-A",
    "nama": "FUEL FILTER,NKR71 EURO-2",
    "merek": "ISUZU",
    "berlaku": "01.02.2024",
    "harga": 68000
  },
  {
    "kode": "I8-97173 035-1",
    "nama": "RELAY DIMER NKR662",
    "merek": "ISUZU",
    "berlaku": "01.02.2024",
    "harga": 470000
  },
  {
    "kode": "I8-97174 026-3",
    "nama": "MOULDING FR UPPER TBR541",
    "merek": "ISUZU",
    "berlaku": "01.02.2024",
    "harga": 280000
  },
  {
    "kode": "I8-97175 395-0",
    "nama": "LEVER ASM RELAY P160",
    "merek": "ISUZU",
    "berlaku": "01.02.2024",
    "harga": 2200000
  },
  {
    "kode": "I8-97176 141-0",
    "nama": "HOSE TURBO,NHR55E2",
    "merek": "ISUZU",
    "berlaku": "01.02.2024",
    "harga": 100000
  },
  {
    "kode": "I8-97176 610-A",
    "nama": "PISTON STD, NHR/NKR 55E2",
    "merek": "ISUZU",
    "berlaku": "01.02.2024",
    "harga": 460000
  },
  {
    "kode": "I8-97177 223-A",
    "nama": "ISUZU GIGA LONG LIFE COOLANT 5 LITER",
    "merek": "ISUZU",
    "berlaku": "01.02.2024",
    "harga": 200000
  },
  {
    "kode": "I8-97177 853-A",
    "nama": "HOSE WATER TOP NHR55E2",
    "merek": "ISUZU",
    "berlaku": "01.02.2024",
    "harga": 45000
  },
  {
    "kode": "I8-97179 086-2",
    "nama": "JET; OIL,PISTON COOLING, NMR81",
    "merek": "ISUZU",
    "berlaku": "01.02.2024",
    "harga": 350000
  },
  {
    "kode": "I8-97191 001-B",
    "nama": "SPRING NO.1 FRT W/BUSH,FVZ VD00",
    "merek": "ISUZU",
    "berlaku": "01.02.2024",
    "harga": 1450000
  },
  {
    "kode": "I8-97201 061-A",
    "nama": "BRAKE SHOE,NKR71E2",
    "merek": "ISUZU",
    "berlaku": "01.02.2024",
    "harga": 720000
  },
  {
    "kode": "I8-97202 475-0",
    "nama": "SWITCH HAZARD NKR662",
    "merek": "ISUZU",
    "berlaku": "01.02.2024",
    "harga": 490000
  },
  {
    "kode": "I8-97203 091-A",
    "nama": "GUIDE ; FAN NKR71-E2",
    "merek": "ISUZU",
    "berlaku": "01.02.2024",
    "harga": 420000
  },
  {
    "kode": "I8-97209 948-A",
    "nama": "HOSE ; WATER, BY-PASS NKR66",
    "merek": "ISUZU",
    "berlaku": "01.02.2024",
    "harga": 23000
  },
  {
    "kode": "I8-97212 155-0",
    "nama": "HOSE WATER TURBO,NHR55E2",
    "merek": "ISUZU",
    "berlaku": "01.02.2024",
    "harga": 62000
  },
  {
    "kode": "I8-97216 797-A",
    "nama": "BEARING RR AXLE,D-MAX",
    "merek": "ISUZU",
    "berlaku": "01.02.2024",
    "harga": 740000
  },
  {
    "kode": "I8-97224 318-1",
    "nama": "HOSE OIL COOLER,NHR55E2",
    "merek": "ISUZU",
    "berlaku": "01.02.2024",
    "harga": 260000
  },
  {
    "kode": "I8-97227 996-A",
    "nama": "BUSHING SPRING RR,NKR66",
    "merek": "ISUZU",
    "berlaku": "01.02.2024",
    "harga": 52000
  },
  {
    "kode": "I8-97238 631-0",
    "nama": "GASKET GEAR,PT",
    "merek": "ISUZU",
    "berlaku": "01.02.2024",
    "harga": 150000
  },
  {
    "kode": "I8-97255 065-2",
    "nama": "HOSE FLEX P/S P160",
    "merek": "ISUZU",
    "berlaku": "01.02.2024",
    "harga": 1700000
  },
  {
    "kode": "I8-97255 313-A",
    "nama": "BLOCK SHIFT CLUTCH,NKR71",
    "merek": "ISUZU",
    "berlaku": "01.02.2024",
    "harga": 930000
  },
  {
    "kode": "I8-97258 239-A",
    "nama": "BEARING PILOT,NKR71",
    "merek": "ISUZU",
    "berlaku": "01.02.2024",
    "harga": 87000
  },
  {
    "kode": "I8-97264 947-0",
    "nama": "RELAY;STARTER NKR71E2",
    "merek": "ISUZU",
    "berlaku": "01.02.2024",
    "harga": 370000
  },
  {
    "kode": "I8-97274 717-A",
    "nama": "HANGER; TIRE, TRAGA",
    "merek": "ISUZU",
    "berlaku": "01.02.2024",
    "harga": 300000
  },
  {
    "kode": "I8-97306 533-A",
    "nama": "PULLEY CR/SHF DAMPER,541E2",
    "merek": "ISUZU",
    "berlaku": "01.02.2024",
    "harga": 550000
  },
  {
    "kode": "I8-97309 927-A",
    "nama": "OIL FILTER,P165 EURO2",
    "merek": "ISUZU",
    "berlaku": "01.02.2024",
    "harga": 67000
  },
  {
    "kode": "I8-97311 976-1",
    "nama": "VALVE RELIEF P160",
    "merek": "ISUZU",
    "berlaku": "01.02.2024",
    "harga": 270000
  },
  {
    "kode": "I8-97316 602-A",
    "nama": "BLOCK SHIFT CLUTCH,NHR55E2",
    "merek": "ISUZU",
    "berlaku": "01.02.2024",
    "harga": 560000
  },
  {
    "kode": "I8-97329 911-A",
    "nama": "OIL FILTER,NHR55E2",
    "merek": "ISUZU",
    "berlaku": "01.02.2024",
    "harga": 81000
  },
  {
    "kode": "I8-97330 892-A",
    "nama": "FLYWHEEL ASM NKR71E2",
    "merek": "ISUZU",
    "berlaku": "01.02.2024",
    "harga": 1600000
  },
  {
    "kode": "I8-97349 416-1",
    "nama": "GASKET HD TO COVER, PT",
    "merek": "ISUZU",
    "berlaku": "01.02.2024",
    "harga": 180000
  },
  {
    "kode": "I8-97351 820-A",
    "nama": "CABLE SHIFT CTR,NKR71",
    "merek": "ISUZU",
    "berlaku": "01.02.2024",
    "harga": 480000
  },
  {
    "kode": "I8-97351 821-A",
    "nama": "CABLE SELECT CONTROL,NK71",
    "merek": "ISUZU",
    "berlaku": "01.02.2024",
    "harga": 380000
  },
  {
    "kode": "I8-97358 248-0",
    "nama": "SWITCH CLUTCH NKR66",
    "merek": "ISUZU",
    "berlaku": "01.02.2024",
    "harga": 210000
  },
  {
    "kode": "I8-97362 926-B",
    "nama": "BELT FAN NLR85",
    "merek": "ISUZU",
    "berlaku": "01.02.2024",
    "harga": 130000
  },
  {
    "kode": "I8-97377 899-A",
    "nama": "DISC CLUTCH,NKR55E2",
    "merek": "ISUZU",
    "berlaku": "01.02.2024",
    "harga": 1600000
  },
  {
    "kode": "I8-97386 922-1",
    "nama": "SWITCH; HAZARD FVZ34",
    "merek": "ISUZU",
    "berlaku": "01.02.2024",
    "harga": 380000
  },
  {
    "kode": "I8-97405 313-3",
    "nama": "HANDLE; WINDOW REG,FRT DOOR FVZ34",
    "merek": "ISUZU",
    "berlaku": "01.02.2024",
    "harga": 130000
  },
  {
    "kode": "I8-97410 738-0",
    "nama": "GROMMET; FRT PANEL FVZ34",
    "merek": "ISUZU",
    "berlaku": "01.02.2024",
    "harga": 14000
  },
  {
    "kode": "I8-97429 372-B",
    "nama": "GRILLE; RAD NMR (NON-PAINTING) NMR71",
    "merek": "ISUZU",
    "berlaku": "01.02.2024",
    "harga": 290000
  },
  {
    "kode": "I8-97469 500-A",
    "nama": "BUMPER; FRT,CENTER TRAGA",
    "merek": "ISUZU",
    "berlaku": "01.02.2024",
    "harga": 1300000
  },
  {
    "kode": "I8-97486 836-A",
    "nama": "REPAIR KIT; CALIPER,DISC BRK,FRT TRAGA",
    "merek": "ISUZU",
    "berlaku": "01.02.2024",
    "harga": 180000
  },
  {
    "kode": "I8-97495 548-A",
    "nama": "DECAL; NAME TRAGA",
    "merek": "ISUZU",
    "berlaku": "01.02.2024",
    "harga": 19000
  },
  {
    "kode": "I8-97504 758-0",
    "nama": "SEDIMENTER; FUEL, NQR81",
    "merek": "ISUZU",
    "berlaku": "01.02.2024",
    "harga": 1500000
  },
  {
    "kode": "I8-97519 456-0",
    "nama": "MOLDING; WINDSHIELD,LWR FVZ",
    "merek": "ISUZU",
    "berlaku": "01.02.2024",
    "harga": 1400000
  },
  {
    "kode": "I8-97520 862-A",
    "nama": "FLYWHEEL FVZ34",
    "merek": "ISUZU",
    "berlaku": "01.02.2024",
    "harga": 2800000
  },
  {
    "kode": "I8-97524 138-0",
    "nama": "SPRING; SHOE HOLDING, GVR VD00",
    "merek": "ISUZU",
    "berlaku": "01.02.2024",
    "harga": 180000
  },
  {
    "kode": "I8-97525 046-A",
    "nama": "HANDLE; WIND REG,NHR55",
    "merek": "ISUZU",
    "berlaku": "01.02.2024",
    "harga": 16000
  },
  {
    "kode": "I8-97542 994-A",
    "nama": "BELT; COOLING FAN TRAGA VT02",
    "merek": "ISUZU",
    "berlaku": "01.02.2024",
    "harga": 79000
  },
  {
    "kode": "I8-97581 651-2",
    "nama": "CLIP; RAD GRILLE FVZ34",
    "merek": "ISUZU",
    "berlaku": "01.02.2024",
    "harga": 24000
  },
  {
    "kode": "I8-97606 943-0",
    "nama": "SENSOR; CRANK ANGLE FVZ34",
    "merek": "ISUZU",
    "berlaku": "01.02.2024",
    "harga": 730000
  },
  {
    "kode": "I8-97611 859-A",
    "nama": "BELT; COOLING FAN FVZ",
    "merek": "ISUZU",
    "berlaku": "01.02.2024",
    "harga": 180000
  },
  {
    "kode": "I8-97648 718-A",
    "nama": "BELT COOLING FAN NMR81",
    "merek": "ISUZU",
    "berlaku": "01.02.2024",
    "harga": 51000
  },
  {
    "kode": "I8-97653 013-A",
    "nama": "ELEMENT; SEDIMENTER FUEL FVZ VD01",
    "merek": "ISUZU",
    "berlaku": "01.02.2024",
    "harga": 150000
  },
  {
    "kode": "I8-97695 430-A",
    "nama": "SHOCK ABS FRT,NMR71-HD",
    "merek": "ISUZU",
    "berlaku": "01.02.2024",
    "harga": 280000
  },
  {
    "kode": "I8-97695 448-A",
    "nama": "DISC CLUTCH,TRAGA",
    "merek": "ISUZU",
    "berlaku": "01.02.2024",
    "harga": 960000
  },
  {
    "kode": "I8-97695 477-A",
    "nama": "PARKING BRAKE CABLE NMR71 HD",
    "merek": "ISUZU",
    "berlaku": "01.02.2024",
    "harga": 370000
  },
  {
    "kode": "I8-97695 479-A",
    "nama": "CABLE; ENG CONT NMR71",
    "merek": "ISUZU",
    "berlaku": "01.02.2024",
    "harga": 210000
  },
  {
    "kode": "I8-97695 481-A",
    "nama": "SHIFT CABLE NMR71 HD",
    "merek": "ISUZU",
    "berlaku": "01.02.2024",
    "harga": 410000
  },
  {
    "kode": "I8-97695 483-A",
    "nama": "SELECT CABLE NMR71 HD",
    "merek": "ISUZU",
    "berlaku": "01.02.2024",
    "harga": 350000
  },
  {
    "kode": "I8-97695 552-A",
    "nama": "BUMPER;FRONT NMR71",
    "merek": "ISUZU",
    "berlaku": "01.02.2024",
    "harga": 720000
  },
  {
    "kode": "I8-97695 557-A",
    "nama": "SHOCK ABS RR,NMR71-HD",
    "merek": "ISUZU",
    "berlaku": "01.02.2024",
    "harga": 280000
  },
  {
    "kode": "I8-97695 600-A",
    "nama": "SHOCK ABS RR,NLR71T",
    "merek": "ISUZU",
    "berlaku": "01.02.2024",
    "harga": 290000
  },
  {
    "kode": "I8-97695 602-A",
    "nama": "GENERATOR ASM NKR55; NHR55",
    "merek": "ISUZU",
    "berlaku": "01.02.2024",
    "harga": 5000000
  },
  {
    "kode": "I8-97695 683-A",
    "nama": "TANK; FUEL 100L NMR71",
    "merek": "ISUZU",
    "berlaku": "01.02.2024",
    "harga": 1300000
  },
  {
    "kode": "I8-97833 987-0",
    "nama": "RELAY; ECM, GXZ E4",
    "merek": "ISUZU",
    "berlaku": "01.02.2024",
    "harga": 370000
  },
  {
    "kode": "I8-97845 489-0",
    "nama": "PACKING HEAD COV,LT",
    "merek": "ISUZU",
    "berlaku": "01.02.2024",
    "harga": 230000
  },
  {
    "kode": "I8-97853 061-A",
    "nama": "PEDAL ASM ACCEL NMR71",
    "merek": "ISUZU",
    "berlaku": "01.02.2024",
    "harga": 36000
  },
  {
    "kode": "I8-97856 351-A",
    "nama": "W/STRIP WINSHIELD NKR66",
    "merek": "ISUZU",
    "berlaku": "01.02.2024",
    "harga": 330000
  },
  {
    "kode": "I8-97859 423-A",
    "nama": "PANEL FRONT CENTER,N#",
    "merek": "ISUZU",
    "berlaku": "01.02.2024",
    "harga": 370000
  },
  {
    "kode": "I8-97926 961-0",
    "nama": "MOLDING; WINDSHIELD, LWR, FVZ VD00",
    "merek": "ISUZU",
    "berlaku": "01.02.2024",
    "harga": 920000
  },
  {
    "kode": "I8-97941 522-0",
    "nama": "PLATE ASM PRES D-MAX",
    "merek": "ISUZU",
    "berlaku": "01.02.2024",
    "harga": 2200000
  },
  {
    "kode": "I8-97942 974-A",
    "nama": "PISTON 4JA1 L190 P165 E2",
    "merek": "ISUZU",
    "berlaku": "01.02.2024",
    "harga": 360000
  },
  {
    "kode": "I8-97947 571-0",
    "nama": "BRAKE PAD,D-MAX",
    "merek": "ISUZU",
    "berlaku": "01.02.2024",
    "harga": 1800000
  },
  {
    "kode": "I8-97957 509-A",
    "nama": "FAN BELT COOLING,PT",
    "merek": "ISUZU",
    "berlaku": "01.02.2024",
    "harga": 48000
  },
  {
    "kode": "I8-97957 512-A",
    "nama": "STARTER ASM,TBR541",
    "merek": "ISUZU",
    "berlaku": "01.02.2024",
    "harga": 2200000
  },
  {
    "kode": "I8-97957 675-A",
    "nama": "OIL FILTER,TBR541",
    "merek": "ISUZU",
    "berlaku": "01.02.2024",
    "harga": 80000
  },
  {
    "kode": "I8-97957 881-B",
    "nama": "WRENCH WHEEL W/HOLD P160",
    "merek": "ISUZU",
    "berlaku": "01.02.2024",
    "harga": 41000
  },
  {
    "kode": "I8-97957 886-A",
    "nama": "HANDLE SPARE TIRE,TBR541",
    "merek": "ISUZU",
    "berlaku": "01.02.2024",
    "harga": 34000
  },
  {
    "kode": "I8-98001 519-A",
    "nama": "UNIT; FLASHER, 12V NLR55",
    "merek": "ISUZU",
    "berlaku": "01.02.2024",
    "harga": 190000
  },
  {
    "kode": "I8-98004 211-A",
    "nama": "COVER; FAN, RADIATOR FVM & FVR34 & FVZ34",
    "merek": "ISUZU",
    "berlaku": "01.02.2024",
    "harga": 1200000
  },
  {
    "kode": "I8-98005 827-0",
    "nama": "JOINT ASM; BALL,UPR CONT ARM D-MAX 2012",
    "merek": "ISUZU",
    "berlaku": "01.02.2024",
    "harga": 940000
  },
  {
    "kode": "I8-98005 874-0",
    "nama": "JOINT ASM; BALL,LWR CONT ARM, TRAGA",
    "merek": "ISUZU",
    "berlaku": "01.02.2024",
    "harga": 800000
  },
  {
    "kode": "I8-98005 875-0",
    "nama": "JOINT ASM BALL,D-MAX",
    "merek": "ISUZU",
    "berlaku": "01.02.2024",
    "harga": 790000
  },
  {
    "kode": "I8-98006 055-0",
    "nama": "CAP TBR541",
    "merek": "ISUZU",
    "berlaku": "01.02.2024",
    "harga": 35000
  },
  {
    "kode": "I8-98014 042-0",
    "nama": "LINER; C/BL, NMR81",
    "merek": "ISUZU",
    "berlaku": "01.02.2024",
    "harga": 2100000
  },
  {
    "kode": "I8-98014 043-0",
    "nama": "LINER; C/BL, NMR81",
    "merek": "ISUZU",
    "berlaku": "01.02.2024",
    "harga": 2100000
  },
  {
    "kode": "I8-98017 495-B",
    "nama": "CABLE; SELECT,TRANS CONT FVZ34",
    "merek": "ISUZU",
    "berlaku": "01.02.2024",
    "harga": 430000
  },
  {
    "kode": "I8-98018 462-0",
    "nama": "SLEEVE; NOZZLE HOLDER FVR",
    "merek": "ISUZU",
    "berlaku": "01.02.2024",
    "harga": 440000
  },
  {
    "kode": "I8-98018 858-A",
    "nama": "ELEMENT; OIL FILTER NLR85",
    "merek": "ISUZU",
    "berlaku": "01.02.2024",
    "harga": 69000
  },
  {
    "kode": "I8-98019 024-0",
    "nama": "SENSOR; CAM ANGLE FVZ34",
    "merek": "ISUZU",
    "berlaku": "01.02.2024",
    "harga": 730000
  },
  {
    "kode": "I8-98019 536-0",
    "nama": "DETENT ASM NKR71E2",
    "merek": "ISUZU",
    "berlaku": "01.02.2024",
    "harga": 420000
  },
  {
    "kode": "I8-98019 963-0",
    "nama": "NUT; HEX, FLANGE, FVZ VD00",
    "merek": "ISUZU",
    "berlaku": "01.02.2024",
    "harga": 43000
  },
  {
    "kode": "I8-98020 247-A",
    "nama": "BELT; COOLING FAN FRR",
    "merek": "ISUZU",
    "berlaku": "01.02.2024",
    "harga": 140000
  },
  {
    "kode": "I8-98021 300-1",
    "nama": "GROMMET; FRT PANEL FVZ34",
    "merek": "ISUZU",
    "berlaku": "01.02.2024",
    "harga": 27000
  },
  {
    "kode": "I8-98025 533-A",
    "nama": "UNIT; FLASHER, 24V NMR71",
    "merek": "ISUZU",
    "berlaku": "01.02.2024",
    "harga": 270000
  },
  {
    "kode": "I8-98025 698-0",
    "nama": "CLIP; RAD GRILLE FVZ34",
    "merek": "ISUZU",
    "berlaku": "01.02.2024",
    "harga": 24000
  },
  {
    "kode": "I8-98027 552-2",
    "nama": "CAP; MIRROR STAY NPS",
    "merek": "ISUZU",
    "berlaku": "01.02.2024",
    "harga": 31000
  },
  {
    "kode": "I8-98029 062-A",
    "nama": "GLASS WINDSHIELD NMR71 HD",
    "merek": "ISUZU",
    "berlaku": "01.02.2024",
    "harga": 900000
  },
  {
    "kode": "I8-98029 078-1",
    "nama": "MOULDING WINDSHIELD NMR71",
    "merek": "ISUZU",
    "berlaku": "01.02.2024",
    "harga": 700000
  },
  {
    "kode": "I8-98032 182-4",
    "nama": "ROD ASM; CONN, NMR81",
    "merek": "ISUZU",
    "berlaku": "01.02.2024",
    "harga": 2600000
  },
  {
    "kode": "I8-98033 605-1",
    "nama": "JOURNAL ASM PROP SHAFT,NKR71",
    "merek": "ISUZU",
    "berlaku": "01.02.2024",
    "harga": 850000
  },
  {
    "kode": "I8-98036 569-2",
    "nama": "LOCK ASM; FRT LID FVZ34",
    "merek": "ISUZU",
    "berlaku": "01.02.2024",
    "harga": 250000
  },
  {
    "kode": "I8-98037 481-A",
    "nama": "CARTRIDGE KIT; FUEL FILTER, NMR81",
    "merek": "ISUZU",
    "berlaku": "01.02.2024",
    "harga": 95000
  },
  {
    "kode": "I8-98041 651-3",
    "nama": "MOLDING; WINDSHIELD FVZ34",
    "merek": "ISUZU",
    "berlaku": "01.02.2024",
    "harga": 750000
  },
  {
    "kode": "I8-98041 665-A",
    "nama": "GLASS; BACK FRR",
    "merek": "ISUZU",
    "berlaku": "01.02.2024",
    "harga": 260000
  },
  {
    "kode": "I8-98045 449-0",
    "nama": "GASKET; OIL COOLER TO C/BL FVZ34",
    "merek": "ISUZU",
    "berlaku": "01.02.2024",
    "harga": 56000
  },
  {
    "kode": "I8-98053 790-A",
    "nama": "WIPER BLADE NMR71 HD",
    "merek": "ISUZU",
    "berlaku": "01.02.2024",
    "harga": 67000
  },
  {
    "kode": "I8-98056 551-0",
    "nama": "ROD END ASM;OUTER,D-MAX",
    "merek": "ISUZU",
    "berlaku": "01.02.2024",
    "harga": 1100000
  },
  {
    "kode": "I8-98057 232-1",
    "nama": "SPRING; RETURN,BRK PEDAL FVZ34",
    "merek": "ISUZU",
    "berlaku": "01.02.2024",
    "harga": 84000
  },
  {
    "kode": "I8-98071 421-A",
    "nama": "AIR CLEANER OUTER,FRR",
    "merek": "ISUZU",
    "berlaku": "01.02.2024",
    "harga": 420000
  },
  {
    "kode": "I8-98071 422-A",
    "nama": "AIR CLEANER INNER,FRR",
    "merek": "ISUZU",
    "berlaku": "01.02.2024",
    "harga": 170000
  },
  {
    "kode": "I8-98071 423-A",
    "nama": "AIR CLEANER OUTER,FVZ34",
    "merek": "ISUZU",
    "berlaku": "01.02.2024",
    "harga": 440000
  },
  {
    "kode": "I8-98071 424-A",
    "nama": "AIR CLEANER INNER,FVZ",
    "merek": "ISUZU",
    "berlaku": "01.02.2024",
    "harga": 200000
  },
  {
    "kode": "I8-98079 030-0",
    "nama": "COVER; NOZZLE,WIPER NPS",
    "merek": "ISUZU",
    "berlaku": "01.02.2024",
    "harga": 43000
  },
  {
    "kode": "I8-98079 248-0",
    "nama": "GASKET; INJ NOZZLE FVZ34",
    "merek": "ISUZU",
    "berlaku": "01.02.2024",
    "harga": 52000
  },
  {
    "kode": "I8-98083 541-1",
    "nama": "MOLDING; WINDSHIELD, LWR NMR",
    "merek": "ISUZU",
    "berlaku": "01.02.2024",
    "harga": 820000
  },
  {
    "kode": "I8-98087 965-0",
    "nama": "PACKING FILTER T,",
    "merek": "ISUZU",
    "berlaku": "01.02.2024",
    "harga": 39000
  },
  {
    "kode": "I8-98092 481-A",
    "nama": "FUEL FILTER,FVZ34",
    "merek": "ISUZU",
    "berlaku": "01.02.2024",
    "harga": 150000
  },
  {
    "kode": "I8-98119 790-0",
    "nama": "SENSOR; PRESS D-MAX",
    "merek": "ISUZU",
    "berlaku": "01.02.2024",
    "harga": 2200000
  },
  {
    "kode": "I8-98122 692-0",
    "nama": "PANEL ASM; FRT NMR",
    "merek": "ISUZU",
    "berlaku": "01.02.2024",
    "harga": 2900000
  },
  {
    "kode": "I8-98165 071-0",
    "nama": "ELEMENT; OIL FILTER D-MAX 2012",
    "merek": "ISUZU",
    "berlaku": "01.02.2024",
    "harga": 230000
  },
  {
    "kode": "I8-98165 977-0",
    "nama": "REPAIR KIT; RELAY VALVE, FVZ VD00",
    "merek": "ISUZU",
    "berlaku": "01.02.2024",
    "harga": 1300000
  },
  {
    "kode": "I8-98184 206-A",
    "nama": "CABLE; PARKING BRK FVZ34",
    "merek": "ISUZU",
    "berlaku": "01.02.2024",
    "harga": 830000
  },
  {
    "kode": "I8-98184 317-B",
    "nama": "CABLE; SHIFT,TRANS CONT FVZ34",
    "merek": "ISUZU",
    "berlaku": "01.02.2024",
    "harga": 490000
  },
  {
    "kode": "I8-98185 752-B",
    "nama": "RADIATOR ASM  FVZ34",
    "merek": "ISUZU",
    "berlaku": "01.02.2024",
    "harga": 6200000
  },
  {
    "kode": "I8-98209 745-A",
    "nama": "PISTON STANDARD NKR71E2",
    "merek": "ISUZU",
    "berlaku": "01.02.2024",
    "harga": 820000
  },
  {
    "kode": "I8-98215 484-A",
    "nama": "COVER FUEL FILTER NKR71",
    "merek": "ISUZU",
    "berlaku": "01.02.2024",
    "harga": 79000
  },
  {
    "kode": "I8-98229 837-0",
    "nama": "BOX ASM; GEAR,STRG TRAGA",
    "merek": "ISUZU",
    "berlaku": "01.02.2024",
    "harga": 5700000
  },
  {
    "kode": "I8-98232 325-0",
    "nama": "PISTON, NMR81",
    "merek": "ISUZU",
    "berlaku": "01.02.2024",
    "harga": 2200000
  },
  {
    "kode": "I8-98240 601-A",
    "nama": "SHOCK ABS RR,TRAGA",
    "merek": "ISUZU",
    "berlaku": "01.02.2024",
    "harga": 260000
  },
  {
    "kode": "I8-98240 665-A",
    "nama": "CABLE; SHIFT,TRANS CONT TRAGA",
    "merek": "ISUZU",
    "berlaku": "01.02.2024",
    "harga": 360000
  },
  {
    "kode": "I8-98240 667-A",
    "nama": "CABLE; SELECT,TRANS CONT TRAGA",
    "merek": "ISUZU",
    "berlaku": "01.02.2024",
    "harga": 320000
  },
  {
    "kode": "I8-98240 669-A",
    "nama": "CABLE; ENG CONT TRAGA",
    "merek": "ISUZU",
    "berlaku": "01.02.2024",
    "harga": 220000
  },
  {
    "kode": "I8-98242 173-1",
    "nama": "SWITCH; REV LAMP FOR REV SW FRR,NKR71",
    "merek": "ISUZU",
    "berlaku": "01.02.2024",
    "harga": 410000
  },
  {
    "kode": "I8-98243 704-0",
    "nama": "SWITCH; COMB FTR90",
    "merek": "ISUZU",
    "berlaku": "01.02.2024",
    "harga": 2600000
  },
  {
    "kode": "I8-98258 179-A",
    "nama": "MOLDING; WINDSHIELD  TRAGA",
    "merek": "ISUZU",
    "berlaku": "01.02.2024",
    "harga": 350000
  },
  {
    "kode": "I8-98269 542-A",
    "nama": "GRILLE; RAD TRAGA",
    "merek": "ISUZU",
    "berlaku": "01.02.2024",
    "harga": 380000
  },
  {
    "kode": "I8-98272 086-0",
    "nama": "END; TUBE NMR71",
    "merek": "ISUZU",
    "berlaku": "01.02.2024",
    "harga": 2700000
  },
  {
    "kode": "I8-98286 091-A",
    "nama": "DISC BRAKE,TRAGA",
    "merek": "ISUZU",
    "berlaku": "01.02.2024",
    "harga": 580000
  },
  {
    "kode": "I8-98302 536-0",
    "nama": "UNIT; FUEL TANK,SUB NMR71",
    "merek": "ISUZU",
    "berlaku": "01.02.2024",
    "harga": 790000
  },
  {
    "kode": "I8-98319 911-A",
    "nama": "FUEL FILTER ASM,NKR71",
    "merek": "ISUZU",
    "berlaku": "01.02.2024",
    "harga": 370000
  },
  {
    "kode": "I8-98319 912-A",
    "nama": "FUEL FILTER,NKR71",
    "merek": "ISUZU",
    "berlaku": "01.02.2024",
    "harga": 120000
  },
  {
    "kode": "I8-98321 413-A",
    "nama": "AIR CLEANER NMR71",
    "merek": "ISUZU",
    "berlaku": "01.02.2024",
    "harga": 240000
  },
  {
    "kode": "I8-98323 200-1",
    "nama": "PIN; AXLE, FVZ VD00",
    "merek": "ISUZU",
    "berlaku": "01.02.2024",
    "harga": 180000
  },
  {
    "kode": "I8-98324 878-0",
    "nama": "SWITCH; NEUTRAL W/O REV SW FRR,FVR,NKR71",
    "merek": "ISUZU",
    "berlaku": "01.02.2024",
    "harga": 500000
  },
  {
    "kode": "I8-98328 207-A",
    "nama": "ELEMENT; OIL FILTER, 4HK1 NPS/NMR81",
    "merek": "ISUZU",
    "berlaku": "01.02.2024",
    "harga": 120000
  },
  {
    "kode": "I8-98345 230-0",
    "nama": "PIPE ASM; LEAK OFF, NLR85-T E4",
    "merek": "ISUZU",
    "berlaku": "01.02.2024",
    "harga": 140000
  },
  {
    "kode": "I8-98370 781-0",
    "nama": "JET; OIL, PISTON COOLING, NKR71E2",
    "merek": "ISUZU",
    "berlaku": "01.02.2024",
    "harga": 330000
  },
  {
    "kode": "I8-98371 819-A",
    "nama": "FUEL FILTER ASM,NHR55",
    "merek": "ISUZU",
    "berlaku": "01.02.2024",
    "harga": 370000
  },
  {
    "kode": "I8-98372 221-A",
    "nama": "FUEL FILTER,NHR55",
    "merek": "ISUZU",
    "berlaku": "01.02.2024",
    "harga": 99000
  },
  {
    "kode": "I8-98373 453-A",
    "nama": "GLASS; WINDSHIELD TRAGA",
    "merek": "ISUZU",
    "berlaku": "01.02.2024",
    "harga": 790000
  },
  {
    "kode": "I8-L7377 149-0",
    "nama": "DISC CLUTCH NKR71E2",
    "merek": "ISUZU",
    "berlaku": "01.02.2024",
    "harga": 1500000
  },
  {
    "kode": "I8-L8255 140-0",
    "nama": "DISC; CLUTCH, NMR81",
    "merek": "ISUZU",
    "berlaku": "01.02.2024",
    "harga": 1700000
  },
  {
    "kode": "I9-00032 206-A",
    "nama": "BEARING HUB OTR FRT,NHR55",
    "merek": "ISUZU",
    "berlaku": "01.02.2024",
    "harga": 160000
  },
  {
    "kode": "I9-00090 679-A",
    "nama": "BEARING PILOT,PT&N#",
    "merek": "ISUZU",
    "berlaku": "01.02.2024",
    "harga": 60000
  },
  {
    "kode": "I9-00093 074-A",
    "nama": "BEARING DIFF CAGE,PT",
    "merek": "ISUZU",
    "berlaku": "01.02.2024",
    "harga": 160000
  },
  {
    "kode": "I9-00093 149-A",
    "nama": "BEARING HUB INN FRT,NKR66",
    "merek": "ISUZU",
    "berlaku": "01.02.2024",
    "harga": 300000
  },
  {
    "kode": "I9-00093 172-A",
    "nama": "BEARING HUB OTR FRT,NKR66",
    "merek": "ISUZU",
    "berlaku": "01.02.2024",
    "harga": 200000
  },
  {
    "kode": "I9-00093 609-A",
    "nama": "BEARING HUB OTR RR,NKR66",
    "merek": "ISUZU",
    "berlaku": "01.02.2024",
    "harga": 410000
  },
  {
    "kode": "I9-00093 621-A",
    "nama": "BEARING F/PINION,PT",
    "merek": "ISUZU",
    "berlaku": "01.02.2024",
    "harga": 230000
  },
  {
    "kode": "I9-00093 624-A",
    "nama": "BEARING HUB INN RR,NKR66",
    "merek": "ISUZU",
    "berlaku": "01.02.2024",
    "harga": 560000
  },
  {
    "kode": "I9-09915 512-1",
    "nama": "CLIP WATER HOSE,PT",
    "merek": "ISUZU",
    "berlaku": "01.02.2024",
    "harga": 24000
  },
  {
    "kode": "I9-82720 209-3",
    "nama": "SWITCH WARNING, TBR541",
    "merek": "ISUZU",
    "berlaku": "01.02.2024",
    "harga": 250000
  },
  {
    "kode": "IE-33048 900-0",
    "nama": "SEAL; OIL,RR COVER, FVZ VD00",
    "merek": "ISUZU",
    "berlaku": "01.02.2024",
    "harga": 450000
  },
  {
    "kode": "IL-98151 846-0",
    "nama": "SHAFT AXLE RR NKR71 E2",
    "merek": "ISUZU",
    "berlaku": "01.02.2024",
    "harga": 820000
  },
  {
    "kode": "IL-98272 242-0",
    "nama": "SHAFT AXLE RR NMR71 HD",
    "merek": "ISUZU",
    "berlaku": "01.02.2024",
    "harga": 790000
  }
]
